date,uyruk,ziyaretci_sayisi
2019-01,ABD,79947
2019-04,ABD,129809
2019-07,ABD,149009
2019-10,ABD,101144
2020-01,ABD,59963
2020-04,ABD,2107
2020-07,ABD,36277
2020-10,ABD,38449
2021-01,ABD,30145
2021-04,ABD,71079
2021-07,ABD,123104
2021-10,ABD,99549
2022-01,ABD,81866
2022-04,ABD,208053
2022-07,ABD,253237
2022-10,ABD,173951
2023-01,ABD,126745
2023-04,ABD,248053
2023-07,ABD,273968
2023-10,ABD,205000
2024-01,ABD,142144
2024-04,ABD,271387
2024-07,ABD,114412
2019-01,Afganistan,7608
2019-04,Afganistan,11819
2019-07,Afganistan,18770
2019-10,Afganistan,13291
2020-01,Afganistan,6943
2020-04,Afganistan,1365
2020-07,Afganistan,5916
2020-10,Afganistan,7660
2021-01,Afganistan,10386
2021-04,Afganistan,11097
2021-07,Afganistan,10690
2021-10,Afganistan,8016
2022-01,Afganistan,9362
2022-04,Afganistan,10751
2022-07,Afganistan,13201
2022-10,Afganistan,10948
2023-01,Afganistan,10630
2023-04,Afganistan,13167
2023-07,Afganistan,17095
2023-10,Afganistan,10487
2024-01,Afganistan,9390
2024-04,Afganistan,12756
2024-07,Afganistan,5973
2019-01,Almanya,212810
2019-04,Almanya,284909
2019-07,Almanya,360401
2019-10,Almanya,253441
2020-01,Almanya,171151
2020-04,Almanya,17468
2020-07,Almanya,133349
2020-10,Almanya,88294
2021-01,Almanya,85439
2021-04,Almanya,137316
2021-07,Almanya,343188
2021-10,Almanya,257992
2022-01,Almanya,225981
2022-04,Almanya,343494
2022-07,Almanya,381309
2022-10,Almanya,286530
2023-01,Almanya,245842
2023-04,Almanya,338261
2023-07,Almanya,382735
2023-10,Almanya,319666
2024-01,Almanya,286519
2024-04,Almanya,351975
2024-07,Almanya,153861
2022-01,Andorra,73
2022-04,Andorra,126
2022-07,Andorra,187
2022-10,Andorra,110
2023-01,Andorra,85
2023-04,Andorra,103
2023-07,Andorra,125
2023-10,Andorra,110
2024-01,Andorra,98
2024-04,Andorra,95
2024-07,Andorra,40
2022-01,Angola,1007
2022-04,Angola,1236
2022-07,Angola,1275
2022-10,Angola,1340
2023-01,Angola,868
2023-04,Angola,1023
2023-07,Angola,905
2023-10,Angola,672
2024-01,Angola,382
2024-04,Angola,447
2024-07,Angola,185
2022-01,Antigua ve Barbuda,218
2022-04,Antigua ve Barbuda,259
2022-07,Antigua ve Barbuda,370
2022-10,Antigua ve Barbuda,233
2023-01,Antigua ve Barbuda,179
2023-04,Antigua ve Barbuda,297
2023-07,Antigua ve Barbuda,438
2023-10,Antigua ve Barbuda,205
2024-01,Antigua ve Barbuda,216
2024-04,Antigua ve Barbuda,214
2024-07,Antigua ve Barbuda,104
2022-01,Arjantin,4652
2022-04,Arjantin,10201
2022-07,Arjantin,11552
2022-10,Arjantin,8783
2023-01,Arjantin,6326
2023-04,Arjantin,11715
2023-07,Arjantin,11626
2023-10,Arjantin,9080
2024-01,Arjantin,7154
2024-04,Arjantin,12109
2024-07,Arjantin,4062
2019-01,Arnavutluk,13406
2019-04,Arnavutluk,7036
2019-07,Arnavutluk,9953
2019-10,Arnavutluk,14707
2020-01,Arnavutluk,10805
2020-04,Arnavutluk,368
2020-07,Arnavutluk,8552
2020-10,Arnavutluk,11679
2021-01,Arnavutluk,8585
2021-04,Arnavutluk,10565
2021-07,Arnavutluk,12549
2021-10,Arnavutluk,16443
2022-01,Arnavutluk,14929
2022-04,Arnavutluk,16166
2022-07,Arnavutluk,13142
2022-10,Arnavutluk,16654
2023-01,Arnavutluk,13335
2023-04,Arnavutluk,13789
2023-07,Arnavutluk,11592
2023-10,Arnavutluk,17071
2024-01,Arnavutluk,17367
2024-04,Arnavutluk,15086
2024-07,Arnavutluk,3109
2019-01,Avustralya,4087
2019-04,Avustralya,17511
2020-01,Avustralya,1746
2020-04,Avustralya,221
2022-01,Avustralya,8848
2022-04,Avustralya,23931
2022-07,Avustralya,35645
2022-10,Avustralya,21344
2023-01,Avustralya,14432
2023-04,Avustralya,37426
2023-07,Avustralya,53839
2023-10,Avustralya,26964
2024-01,Avustralya,14800
2024-04,Avustralya,43537
2024-07,Avustralya,19895
2019-01,Avusturya,30699
2019-04,Avusturya,32021
2019-07,Avusturya,53196
2019-10,Avusturya,34601
2020-01,Avusturya,25038
2020-04,Avusturya,2350
2020-07,Avusturya,18703
2020-10,Avusturya,15296
2021-01,Avusturya,12661
2021-04,Avusturya,19357
2021-07,Avusturya,50427
2021-10,Avusturya,35214
2022-01,Avusturya,32082
2022-04,Avusturya,41311
2022-07,Avusturya,55646
2022-10,Avusturya,37667
2023-01,Avusturya,32472
2023-04,Avusturya,41823
2023-07,Avusturya,51892
2023-10,Avusturya,40624
2024-01,Avusturya,36927
2024-04,Avusturya,45145
2024-07,Avusturya,25559
2019-01,Azerbaycan,60990
2019-04,Azerbaycan,53609
2019-07,Azerbaycan,71662
2019-10,Azerbaycan,57940
2020-01,Azerbaycan,44945
2020-04,Azerbaycan,1136
2020-07,Azerbaycan,46862
2020-10,Azerbaycan,38152
2021-01,Azerbaycan,36749
2021-04,Azerbaycan,38273
2021-07,Azerbaycan,63004
2021-10,Azerbaycan,52169
2022-01,Azerbaycan,53066
2022-04,Azerbaycan,60811
2022-07,Azerbaycan,88816
2022-10,Azerbaycan,69738
2023-01,Azerbaycan,59639
2023-04,Azerbaycan,68120
2023-07,Azerbaycan,88987
2023-10,Azerbaycan,76313
2024-01,Azerbaycan,76863
2024-04,Azerbaycan,91129
2024-07,Azerbaycan,32751
2022-01,Bahama Adaları,22
2022-04,Bahama Adaları,54
2022-07,Bahama Adaları,50
2022-10,Bahama Adaları,43
2023-01,Bahama Adaları,30
2023-04,Bahama Adaları,60
2023-07,Bahama Adaları,93
2023-10,Bahama Adaları,121
2024-01,Bahama Adaları,48
2024-04,Bahama Adaları,98
2024-07,Bahama Adaları,37
2019-01,Bahreyn,10886
2020-01,Bahreyn,8188
2021-04,Bahreyn,2524
2021-07,Bahreyn,17763
2021-10,Bahreyn,20360
2022-01,Bahreyn,17632
2022-04,Bahreyn,16691
2022-07,Bahreyn,18540
2022-10,Bahreyn,16118
2023-01,Bahreyn,12035
2023-04,Bahreyn,10505
2023-07,Bahreyn,12614
2023-10,Bahreyn,9892
2024-01,Bahreyn,11975
2024-04,Bahreyn,13235
2024-07,Bahreyn,4741
2019-04,Bangladeş,1793
2020-04,Bangladeş,8
2022-01,Bangladeş,3956
2022-04,Bangladeş,6058
2022-07,Bangladeş,6854
2022-10,Bangladeş,5295
2023-01,Bangladeş,4250
2023-04,Bangladeş,5108
2023-07,Bangladeş,5858
2023-10,Bangladeş,5351
2024-01,Bangladeş,4220
2024-04,Bangladeş,6266
2024-07,Bangladeş,2474
2022-01,Barbados,88
2022-04,Barbados,98
2022-07,Barbados,56
2022-10,Barbados,67
2023-01,Barbados,108
2023-04,Barbados,79
2023-07,Barbados,89
2023-10,Barbados,93
2024-01,Barbados,75
2024-04,Barbados,73
2024-07,Barbados,25
2019-01,Belarus,3161
2019-04,Belarus,8793
2019-07,Belarus,9104
2019-10,Belarus,8729
2020-01,Belarus,1597
2020-04,Belarus,453
2020-07,Belarus,8595
2020-10,Belarus,7958
2021-01,Belarus,7316
2021-04,Belarus,8777
2021-07,Belarus,14344
2021-10,Belarus,11509
2022-01,Belarus,16844
2022-04,Belarus,19091
2022-07,Belarus,21926
2022-10,Belarus,20878
2023-01,Belarus,20308
2023-04,Belarus,23501
2023-07,Belarus,27112
2023-10,Belarus,21370
2024-01,Belarus,23273
2024-04,Belarus,26550
2024-07,Belarus,9937
2022-01,Belize,26
2022-04,Belize,66
2022-07,Belize,98
2022-10,Belize,78
2023-01,Belize,53
2023-04,Belize,77
2023-07,Belize,152
2023-10,Belize,89
2024-01,Belize,54
2024-04,Belize,97
2024-07,Belize,42
2019-01,Belçika,31553
2019-04,Belçika,36766
2019-07,Belçika,37595
2019-10,Belçika,33700
2020-01,Belçika,26746
2020-04,Belçika,3131
2020-07,Belçika,17613
2020-10,Belçika,20341
2021-01,Belçika,12005
2021-04,Belçika,22764
2021-07,Belçika,43265
2021-10,Belçika,39980
2022-01,Belçika,38675
2022-04,Belçika,41598
2022-07,Belçika,45662
2022-10,Belçika,38501
2023-01,Belçika,36611
2023-04,Belçika,39590
2023-07,Belçika,44966
2023-10,Belçika,43766
2024-01,Belçika,39191
2024-04,Belçika,46812
2024-07,Belçika,20322
2022-01,Benin,410
2022-04,Benin,416
2022-07,Benin,438
2022-10,Benin,449
2023-01,Benin,365
2023-04,Benin,287
2023-07,Benin,490
2023-10,Benin,301
2024-01,Benin,217
2024-04,Benin,290
2024-07,Benin,152
2022-01,Bhutan,3
2022-04,Bhutan,6
2022-07,Bhutan,13
2022-10,Bhutan,11
2023-01,Bhutan,9
2023-04,Bhutan,22
2023-07,Bhutan,14
2023-10,Bhutan,19
2024-01,Bhutan,7
2024-04,Bhutan,25
2024-07,Bhutan,2
2021-01,Birleşik Arap Emirlikleri,2673
2021-07,Birleşik Arap Emirlikleri,10593
2021-10,Birleşik Arap Emirlikleri,20848
2022-01,Birleşik Arap Emirlikleri,17426
2022-04,Birleşik Arap Emirlikleri,19496
2022-07,Birleşik Arap Emirlikleri,28481
2022-10,Birleşik Arap Emirlikleri,29947
2023-01,Birleşik Arap Emirlikleri,10957
2023-04,Birleşik Arap Emirlikleri,21470
2023-07,Birleşik Arap Emirlikleri,24138
2023-10,Birleşik Arap Emirlikleri,18507
2024-01,Birleşik Arap Emirlikleri,11200
2024-04,Birleşik Arap Emirlikleri,19047
2024-07,Birleşik Arap Emirlikleri,7077
2019-01,Birleşik Krallık,95768
2019-04,Birleşik Krallık,123170
2019-07,Birleşik Krallık,148156
2019-10,Birleşik Krallık,122702
2020-01,Birleşik Krallık,81344
2020-04,Birleşik Krallık,5753
2020-07,Birleşik Krallık,99075
2020-10,Birleşik Krallık,50230
2021-01,Birleşik Krallık,13309
2021-04,Birleşik Krallık,29140
2021-07,Birleşik Krallık,51597
2021-10,Birleşik Krallık,118363
2022-01,Birleşik Krallık,106596
2022-04,Birleşik Krallık,169840
2022-07,Birleşik Krallık,192172
2022-10,Birleşik Krallık,144591
2023-01,Birleşik Krallık,122560
2023-04,Birleşik Krallık,198648
2023-07,Birleşik Krallık,205988
2023-10,Birleşik Krallık,174165
2024-01,Birleşik Krallık,158628
2024-04,Birleşik Krallık,205921
2024-07,Birleşik Krallık,84542
2019-04,Bolivya,354
2020-04,Bolivya,4
2022-01,Bolivya,360
2022-04,Bolivya,663
2022-07,Bolivya,782
2022-10,Bolivya,878
2023-01,Bolivya,543
2023-04,Bolivya,830
2023-07,Bolivya,817
2023-10,Bolivya,900
2024-01,Bolivya,655
2024-04,Bolivya,902
2024-07,Bolivya,275
2019-01,Bosna Hersek,6023
2019-04,Bosna Hersek,8175
2019-07,Bosna Hersek,12329
2019-10,Bosna Hersek,14426
2020-01,Bosna Hersek,2389
2020-04,Bosna Hersek,449
2020-07,Bosna Hersek,8972
2020-10,Bosna Hersek,8500
2021-01,Bosna Hersek,5900
2021-04,Bosna Hersek,9628
2021-07,Bosna Hersek,15864
2021-10,Bosna Hersek,17292
2022-01,Bosna Hersek,16227
2022-04,Bosna Hersek,20254
2022-07,Bosna Hersek,15454
2022-10,Bosna Hersek,16414
2023-01,Bosna Hersek,13834
2023-04,Bosna Hersek,17036
2023-07,Bosna Hersek,13728
2023-10,Bosna Hersek,17773
2024-01,Bosna Hersek,16951
2024-04,Bosna Hersek,19213
2024-07,Bosna Hersek,4425
2022-01,Botsvana,58
2022-04,Botsvana,127
2022-07,Botsvana,140
2022-10,Botsvana,102
2023-01,Botsvana,80
2023-04,Botsvana,122
2023-07,Botsvana,163
2023-10,Botsvana,101
2024-01,Botsvana,150
2024-04,Botsvana,133
2024-07,Botsvana,48
2019-01,Brezilya,18063
2019-04,Brezilya,13993
2019-07,Brezilya,18695
2019-10,Brezilya,21169
2020-01,Brezilya,13412
2020-04,Brezilya,43
2020-07,Brezilya,1649
2020-10,Brezilya,5289
2021-01,Brezilya,1297
2022-01,Brezilya,10369
2022-04,Brezilya,16800
2022-07,Brezilya,20592
2022-10,Brezilya,18556
2023-01,Brezilya,12771
2023-04,Brezilya,22003
2023-07,Brezilya,24041
2023-10,Brezilya,20513
2024-01,Brezilya,17484
2024-04,Brezilya,23474
2024-07,Brezilya,9943
2022-01,Brunei,22
2022-04,Brunei,67
2022-07,Brunei,129
2022-10,Brunei,601
2023-01,Brunei,335
2023-04,Brunei,233
2023-07,Brunei,220
2023-10,Brunei,784
2024-01,Brunei,261
2024-04,Brunei,271
2024-07,Brunei,66
2019-01,Bulgaristan,23506
2019-04,Bulgaristan,22829
2019-07,Bulgaristan,22222
2019-10,Bulgaristan,23815
2020-01,Bulgaristan,19203
2020-04,Bulgaristan,1195
2020-07,Bulgaristan,9086
2020-10,Bulgaristan,9926
2021-01,Bulgaristan,6131
2021-04,Bulgaristan,8854
2021-07,Bulgaristan,16401
2021-10,Bulgaristan,18932
2022-01,Bulgaristan,19759
2022-04,Bulgaristan,26676
2022-07,Bulgaristan,26472
2022-10,Bulgaristan,27899
2023-01,Bulgaristan,32593
2023-04,Bulgaristan,35419
2023-07,Bulgaristan,33811
2023-10,Bulgaristan,36271
2024-01,Bulgaristan,42028
2024-04,Bulgaristan,43163
2024-07,Bulgaristan,14257
2022-01,Burkina Faso,628
2022-04,Burkina Faso,717
2022-07,Burkina Faso,1028
2022-10,Burkina Faso,827
2023-01,Burkina Faso,611
2023-04,Burkina Faso,760
2023-07,Burkina Faso,1204
2023-10,Burkina Faso,842
2024-01,Burkina Faso,597
2024-04,Burkina Faso,612
2024-07,Burkina Faso,379
2022-01,Burundi,154
2022-04,Burundi,112
2022-07,Burundi,157
2022-10,Burundi,129
2023-01,Burundi,86
2023-04,Burundi,96
2023-07,Burundi,142
2023-10,Burundi,109
2024-01,Burundi,89
2024-04,Burundi,75
2024-07,Burundi,35
2022-01,Cabo Verde,46
2022-04,Cabo Verde,96
2022-07,Cabo Verde,69
2022-10,Cabo Verde,95
2023-01,Cabo Verde,47
2023-04,Cabo Verde,80
2023-07,Cabo Verde,60
2019-01,Cezayir,62659
2019-04,Cezayir,58578
2019-07,Cezayir,91191
2019-10,Cezayir,62976
2020-01,Cezayir,44248
2020-04,Cezayir,69
2020-07,Cezayir,1941
2020-10,Cezayir,2912
2021-01,Cezayir,2244
2021-04,Cezayir,4104
2021-07,Cezayir,13503
2021-10,Cezayir,26700
2022-01,Cezayir,30023
2022-04,Cezayir,31842
2022-07,Cezayir,66820
2022-10,Cezayir,65191
2023-01,Cezayir,55051
2023-04,Cezayir,52797
2023-07,Cezayir,91419
2023-10,Cezayir,76894
2024-01,Cezayir,66453
2024-04,Cezayir,66095
2024-07,Cezayir,28170
2022-01,Cibuti,1160
2022-04,Cibuti,1083
2022-07,Cibuti,2215
2022-10,Cibuti,892
2023-01,Cibuti,761
2023-04,Cibuti,848
2023-07,Cibuti,1298
2023-10,Cibuti,615
2024-01,Cibuti,585
2024-04,Cibuti,560
2024-07,Cibuti,340
2019-01,Danimarka,17819
2019-04,Danimarka,23906
2019-07,Danimarka,25967
2019-10,Danimarka,20867
2020-01,Danimarka,13857
2020-04,Danimarka,595
2020-07,Danimarka,7012
2020-10,Danimarka,6407
2021-04,Danimarka,6367
2021-07,Danimarka,21168
2021-10,Danimarka,18310
2022-01,Danimarka,15311
2022-04,Danimarka,21213
2022-07,Danimarka,23607
2022-10,Danimarka,18611
2023-01,Danimarka,15751
2023-04,Danimarka,19238
2023-07,Danimarka,21167
2023-10,Danimarka,19507
2024-01,Danimarka,19370
2024-04,Danimarka,20492
2024-07,Danimarka,10870
2022-01,Demokratik Kongo Cumhuriyeti,2479
2022-04,Demokratik Kongo Cumhuriyeti,2921
2022-07,Demokratik Kongo Cumhuriyeti,2393
2022-10,Demokratik Kongo Cumhuriyeti,2759
2023-01,Demokratik Kongo Cumhuriyeti,2000
2023-04,Demokratik Kongo Cumhuriyeti,2452
2023-07,Demokratik Kongo Cumhuriyeti,2591
2023-10,Demokratik Kongo Cumhuriyeti,1917
2024-01,Demokratik Kongo Cumhuriyeti,1544
2024-04,Demokratik Kongo Cumhuriyeti,1823
2024-07,Demokratik Kongo Cumhuriyeti,773
2019-01,Diğer,479366
2019-04,Diğer,881299
2019-07,Diğer,939431
2019-10,Diğer,730444
2020-01,Diğer,257500
2020-04,Diğer,1950
2020-07,Diğer,59553
2020-10,Diğer,93763
2021-01,Diğer,82489
2021-04,Diğer,116131
2021-07,Diğer,231799
2021-10,Diğer,290466
2022-01,Diğer,0
2022-04,Diğer,0
2022-07,Diğer,0
2022-10,Diğer,0
2023-01,Diğer,0
2023-04,Diğer,0
2023-07,Diğer,0
2022-01,Dominik Cumhuriyeti,519
2022-04,Dominik Cumhuriyeti,993
2022-07,Dominik Cumhuriyeti,1222
2022-10,Dominik Cumhuriyeti,1357
2023-01,Dominik Cumhuriyeti,869
2023-04,Dominik Cumhuriyeti,1254
2023-07,Dominik Cumhuriyeti,1181
2023-10,Dominik Cumhuriyeti,956
2024-01,Dominik Cumhuriyeti,824
2024-04,Dominik Cumhuriyeti,1052
2024-07,Dominik Cumhuriyeti,323
2022-01,Dominika,1565
2022-04,Dominika,1596
2022-07,Dominika,3425
2022-10,Dominika,1817
2023-01,Dominika,1278
2023-04,Dominika,2207
2023-07,Dominika,3630
2023-10,Dominika,2007
2024-01,Dominika,889
2024-04,Dominika,771
2024-07,Dominika,387
2022-01,Doğu Timor,6
2022-04,Doğu Timor,11
2022-07,Doğu Timor,2
2022-10,Doğu Timor,23
2023-01,Doğu Timor,11
2023-04,Doğu Timor,17
2023-07,Doğu Timor,8
2023-10,Doğu Timor,8
2024-01,Doğu Timor,7
2024-04,Doğu Timor,16
2024-07,Doğu Timor,2
2019-04,Ekvador,571
2020-04,Ekvador,3
2022-01,Ekvador,1536
2022-04,Ekvador,3963
2022-07,Ekvador,3845
2022-10,Ekvador,4571
2023-01,Ekvador,1979
2023-04,Ekvador,3813
2023-07,Ekvador,4296
2023-10,Ekvador,3216
2024-01,Ekvador,2169
2024-04,Ekvador,3710
2024-07,Ekvador,965
2022-01,Ekvator Ginesi,135
2022-04,Ekvator Ginesi,214
2022-07,Ekvator Ginesi,251
2022-10,Ekvator Ginesi,288
2023-01,Ekvator Ginesi,108
2023-04,Ekvator Ginesi,152
2023-07,Ekvator Ginesi,171
2023-10,Ekvator Ginesi,149
2024-01,Ekvator Ginesi,140
2024-04,Ekvator Ginesi,125
2024-07,Ekvator Ginesi,69
2022-01,El Salvador,218
2022-04,El Salvador,352
2022-07,El Salvador,468
2022-10,El Salvador,488
2023-01,El Salvador,345
2023-04,El Salvador,441
2023-07,El Salvador,566
2023-10,El Salvador,495
2024-01,El Salvador,302
2024-04,El Salvador,436
2024-07,El Salvador,178
2019-01,Endonezya,37724
2019-04,Endonezya,9546
2019-07,Endonezya,10671
2019-10,Endonezya,35898
2020-01,Endonezya,27371
2020-04,Endonezya,106
2020-07,Endonezya,2541
2020-10,Endonezya,7536
2021-01,Endonezya,7795
2021-04,Endonezya,8674
2021-07,Endonezya,4191
2021-10,Endonezya,18238
2022-01,Endonezya,17812
2022-04,Endonezya,39523
2022-07,Endonezya,31299
2022-10,Endonezya,54836
2023-01,Endonezya,58582
2023-04,Endonezya,31819
2023-07,Endonezya,25583
2023-10,Endonezya,49867
2024-01,Endonezya,52490
2024-04,Endonezya,42226
2024-07,Endonezya,9915
2022-01,Eritre,2450
2022-04,Eritre,3035
2022-07,Eritre,2367
2022-10,Eritre,3099
2023-01,Eritre,2561
2023-04,Eritre,2738
2023-07,Eritre,2827
2023-10,Eritre,3377
2024-01,Eritre,2549
2024-04,Eritre,2324
2024-07,Eritre,890
2022-01,Ermenistan,2444
2022-04,Ermenistan,3191
2022-07,Ermenistan,3939
2022-10,Ermenistan,3586
2023-01,Ermenistan,2982
2023-04,Ermenistan,2891
2023-07,Ermenistan,5202
2023-10,Ermenistan,3648
2024-01,Ermenistan,3877
2024-04,Ermenistan,3738
2024-07,Ermenistan,1706
2022-01,Estonya,2149
2022-04,Estonya,2991
2022-07,Estonya,3024
2022-10,Estonya,3611
2023-01,Estonya,4265
2023-04,Estonya,4159
2023-07,Estonya,3266
2023-10,Estonya,4797
2024-01,Estonya,5131
2024-04,Estonya,4772
2024-07,Estonya,1024
2022-01,Esvatini,25
2022-04,Esvatini,35
2022-07,Esvatini,21
2022-10,Esvatini,29
2023-01,Esvatini,22
2023-04,Esvatini,18
2023-07,Esvatini,33
2023-10,Esvatini,28
2024-01,Esvatini,88
2024-04,Esvatini,32
2024-07,Esvatini,14
2019-04,Etiyopya,1343
2019-07,Etiyopya,2137
2019-10,Etiyopya,6400
2020-04,Etiyopya,2
2020-07,Etiyopya,1669
2020-10,Etiyopya,5801
2021-01,Etiyopya,7912
2021-04,Etiyopya,11187
2021-07,Etiyopya,14273
2021-10,Etiyopya,9255
2022-01,Etiyopya,5329
2022-04,Etiyopya,6537
2022-07,Etiyopya,7054
2022-10,Etiyopya,6081
2023-01,Etiyopya,5794
2023-04,Etiyopya,6484
2023-07,Etiyopya,7649
2023-10,Etiyopya,5557
2024-01,Etiyopya,5150
2024-04,Etiyopya,5967
2024-07,Etiyopya,2471
2019-01,Fas,43108
2019-04,Fas,44174
2019-07,Fas,74676
2019-10,Fas,53906
2020-01,Fas,39593
2020-04,Fas,247
2020-07,Fas,10532
2020-10,Fas,14942
2021-01,Fas,9492
2021-04,Fas,10212
2021-07,Fas,44482
2021-10,Fas,49277
2022-01,Fas,37491
2022-04,Fas,48643
2022-07,Fas,79035
2022-10,Fas,68380
2023-01,Fas,48571
2023-04,Fas,59275
2023-07,Fas,80133
2023-10,Fas,57569
2024-01,Fas,44661
2024-04,Fas,55671
2024-07,Fas,21040
2022-01,Fiji,41
2022-04,Fiji,36
2022-07,Fiji,51
2022-10,Fiji,44
2023-01,Fiji,41
2023-04,Fiji,65
2023-07,Fiji,90
2023-10,Fiji,86
2024-01,Fiji,55
2024-04,Fiji,62
2024-07,Fiji,35
2019-04,Fildişi Sahili,270
2020-04,Fildişi Sahili,2
2022-01,Fildişi Sahili,2004
2022-04,Fildişi Sahili,2078
2022-07,Fildişi Sahili,2394
2022-10,Fildişi Sahili,2607
2023-01,Fildişi Sahili,1739
2023-04,Fildişi Sahili,1541
2023-07,Fildişi Sahili,2061
2023-10,Fildişi Sahili,1904
2024-01,Fildişi Sahili,1115
2024-04,Fildişi Sahili,1507
2024-07,Fildişi Sahili,515
2019-04,Filipinler,14785
2019-07,Filipinler,15411
2019-10,Filipinler,13819
2020-04,Filipinler,753
2020-07,Filipinler,8758
2020-10,Filipinler,6489
2021-01,Filipinler,4643
2021-04,Filipinler,8150
2021-07,Filipinler,8362
2022-01,Filipinler,8897
2022-04,Filipinler,15222
2022-07,Filipinler,19626
2022-10,Filipinler,17108
2023-01,Filipinler,12169
2023-04,Filipinler,18974
2023-07,Filipinler,19866
2023-10,Filipinler,15817
2024-01,Filipinler,13060
2024-04,Filipinler,20054
2024-07,Filipinler,7896
2019-04,Filistin,8335
2019-07,Filistin,5919
2019-10,Filistin,13520
2020-04,Filistin,99
2020-07,Filistin,1261
2020-10,Filistin,5075
2021-01,Filistin,4866
2021-04,Filistin,7391
2021-07,Filistin,21691
2021-10,Filistin,18007
2022-01,Filistin,10889
2022-04,Filistin,15055
2022-07,Filistin,30934
2022-10,Filistin,16828
2023-01,Filistin,10185
2023-04,Filistin,13838
2023-07,Filistin,23663
2023-10,Filistin,7261
2024-01,Filistin,6495
2024-04,Filistin,10662
2024-07,Filistin,4946
2019-07,Finlandiya,2448
2020-07,Finlandiya,667
2022-01,Finlandiya,4173
2022-04,Finlandiya,7301
2022-07,Finlandiya,7132
2022-10,Finlandiya,7284
2023-01,Finlandiya,6363
2023-04,Finlandiya,7875
2023-07,Finlandiya,9001
2023-10,Finlandiya,8676
2024-01,Finlandiya,8217
2024-04,Finlandiya,10231
2024-07,Finlandiya,3265
2019-01,Fransa,98261
2019-04,Fransa,132777
2019-07,Fransa,156725
2019-10,Fransa,120906
2020-01,Fransa,83507
2020-04,Fransa,3586
2020-07,Fransa,71104
2020-10,Fransa,68453
2021-01,Fransa,38497
2021-04,Fransa,57016
2021-07,Fransa,156727
2021-10,Fransa,127360
2022-01,Fransa,110715
2022-04,Fransa,143301
2022-07,Fransa,172839
2022-10,Fransa,140620
2023-01,Fransa,114471
2023-04,Fransa,145665
2023-07,Fransa,177660
2023-10,Fransa,151353
2024-01,Fransa,125384
2024-04,Fransa,176905
2024-07,Fransa,71506
2022-01,Gabon,1280
2022-04,Gabon,1435
2022-07,Gabon,1858
2022-10,Gabon,1595
2023-01,Gabon,982
2023-04,Gabon,903
2023-07,Gabon,1194
2023-10,Gabon,861
2024-01,Gabon,691
2024-04,Gabon,784
2024-07,Gabon,423
2019-04,Gambiya,130
2020-04,Gambiya,2
2022-01,Gambiya,576
2022-04,Gambiya,668
2022-07,Gambiya,618
2022-10,Gambiya,598
2023-01,Gambiya,502
2023-04,Gambiya,389
2023-07,Gambiya,614
2023-10,Gambiya,509
2024-01,Gambiya,385
2024-04,Gambiya,380
2024-07,Gambiya,140
2022-01,Gana,1599
2022-04,Gana,1818
2022-07,Gana,1281
2022-10,Gana,1163
2023-01,Gana,1021
2023-04,Gana,1050
2023-07,Gana,1382
2023-10,Gana,1250
2024-01,Gana,1032
2024-04,Gana,1188
2024-07,Gana,423
2022-01,Gine,1142
2022-04,Gine,1104
2022-07,Gine,1441
2022-10,Gine,1734
2023-01,Gine,1540
2023-04,Gine,1090
2023-07,Gine,1486
2023-10,Gine,1276
2024-01,Gine,811
2024-04,Gine,889
2024-07,Gine,374
2022-01,Gine Bissau,93
2022-04,Gine Bissau,82
2022-07,Gine Bissau,70
2022-10,Gine Bissau,117
2023-01,Gine Bissau,60
2023-04,Gine Bissau,49
2023-07,Gine Bissau,67
2023-10,Gine Bissau,55
2024-01,Gine Bissau,35
2024-04,Gine Bissau,37
2024-07,Gine Bissau,12
2022-01,Grenada,114
2022-04,Grenada,114
2022-07,Grenada,254
2022-10,Grenada,146
2023-01,Grenada,118
2023-04,Grenada,162
2023-07,Grenada,274
2023-10,Grenada,152
2024-01,Grenada,106
2024-04,Grenada,191
2024-07,Grenada,117
2022-01,Guatemala,436
2022-04,Guatemala,889
2022-07,Guatemala,921
2022-10,Guatemala,1353
2023-01,Guatemala,536
2023-04,Guatemala,1272
2023-07,Guatemala,957
2023-10,Guatemala,1435
2024-01,Guatemala,609
2024-04,Guatemala,1140
2024-07,Guatemala,276
2022-01,Guyana,5
2022-04,Guyana,13
2022-07,Guyana,27
2022-10,Guyana,30
2023-01,Guyana,13
2023-04,Guyana,22
2023-07,Guyana,24
2023-10,Guyana,11
2024-01,Guyana,16
2024-04,Guyana,27
2024-07,Guyana,6
2019-04,Güney Afrika,3578
2020-04,Güney Afrika,3
2022-01,Güney Afrika,8689
2022-04,Güney Afrika,15994
2022-07,Güney Afrika,21824
2022-10,Güney Afrika,17524
2023-01,Güney Afrika,9351
2023-04,Güney Afrika,15421
2023-07,Güney Afrika,17701
2023-10,Güney Afrika,14428
2024-01,Güney Afrika,8470
2024-04,Güney Afrika,16692
2024-07,Güney Afrika,5357
2019-01,Güney Kore,29025
2019-04,Güney Kore,47708
2020-01,Güney Kore,29839
2020-04,Güney Kore,317
2022-01,Güney Kore,7015
2022-04,Güney Kore,21058
2022-07,Güney Kore,28815
2022-10,Güney Kore,29273
2023-01,Güney Kore,28967
2023-04,Güney Kore,30704
2023-07,Güney Kore,41435
2023-10,Güney Kore,38005
2024-01,Güney Kore,38654
2024-04,Güney Kore,49475
2024-07,Güney Kore,16186
2022-01,Güney Kıbrıs,891
2022-04,Güney Kıbrıs,1426
2022-07,Güney Kıbrıs,1690
2022-10,Güney Kıbrıs,1722
2023-01,Güney Kıbrıs,1265
2023-04,Güney Kıbrıs,1685
2023-07,Güney Kıbrıs,2087
2023-10,Güney Kıbrıs,1991
2024-01,Güney Kıbrıs,1961
2024-04,Güney Kıbrıs,2190
2024-07,Güney Kıbrıs,986
2022-01,Güney Sudan,136
2022-04,Güney Sudan,161
2022-07,Güney Sudan,355
2022-10,Güney Sudan,454
2023-01,Güney Sudan,301
2023-04,Güney Sudan,339
2023-07,Güney Sudan,370
2023-10,Güney Sudan,311
2024-01,Güney Sudan,167
2024-04,Güney Sudan,173
2024-07,Güney Sudan,67
2019-01,Gürcistan,15664
2019-04,Gürcistan,14950
2019-07,Gürcistan,14544
2019-10,Gürcistan,14909
2020-01,Gürcistan,11558
2020-04,Gürcistan,424
2020-07,Gürcistan,7819
2020-10,Gürcistan,7817
2021-01,Gürcistan,6459
2021-04,Gürcistan,11533
2021-07,Gürcistan,17321
2021-10,Gürcistan,21727
2022-01,Gürcistan,18619
2022-04,Gürcistan,22622
2022-07,Gürcistan,20417
2022-10,Gürcistan,24425
2023-01,Gürcistan,20389
2023-04,Gürcistan,22459
2023-07,Gürcistan,21663
2023-10,Gürcistan,25432
2024-01,Gürcistan,25713
2024-04,Gürcistan,28678
2024-07,Gürcistan,8599
2022-01,Haiti,1198
2022-04,Haiti,478
2022-07,Haiti,407
2022-10,Haiti,312
2023-01,Haiti,225
2023-04,Haiti,259
2023-07,Haiti,226
2023-10,Haiti,201
2024-01,Haiti,57
2024-04,Haiti,49
2024-07,Haiti,14
2019-01,Hindistan,27430
2019-04,Hindistan,61810
2019-07,Hindistan,44752
2019-10,Hindistan,49509
2020-01,Hindistan,21561
2020-04,Hindistan,572
2020-07,Hindistan,4698
2020-10,Hindistan,4806
2021-01,Hindistan,5552
2021-04,Hindistan,5710
2021-07,Hindistan,11010
2021-10,Hindistan,20818
2022-01,Hindistan,18727
2022-04,Hindistan,55350
2022-07,Hindistan,59031
2022-10,Hindistan,67436
2023-01,Hindistan,35111
2023-04,Hindistan,64960
2023-07,Hindistan,61184
2023-10,Hindistan,62465
2024-01,Hindistan,43158
2024-04,Hindistan,93716
2024-07,Hindistan,22075
2019-01,Hollanda,65893
2019-04,Hollanda,70312
2019-07,Hollanda,90982
2019-10,Hollanda,67264
2020-01,Hollanda,53645
2020-04,Hollanda,5541
2020-07,Hollanda,45416
2020-10,Hollanda,39521
2021-01,Hollanda,28247
2021-04,Hollanda,38668
2021-07,Hollanda,102821
2021-10,Hollanda,87195
2022-01,Hollanda,80076
2022-04,Hollanda,86691
2022-07,Hollanda,100296
2022-10,Hollanda,69993
2023-01,Hollanda,65955
2023-04,Hollanda,78214
2023-07,Hollanda,103815
2023-10,Hollanda,84024
2024-01,Hollanda,77127
2024-04,Hollanda,92408
2024-07,Hollanda,47661
2022-01,Honduras,257
2022-04,Honduras,454
2022-07,Honduras,683
2022-10,Honduras,703
2023-01,Honduras,460
2023-04,Honduras,749
2023-07,Honduras,919
2023-10,Honduras,801
2024-01,Honduras,610
2024-04,Honduras,735
2024-07,Honduras,227
2022-01,Hong Kong,405
2022-04,Hong Kong,1062
2022-07,Hong Kong,1481
2022-10,Hong Kong,2248
2023-01,Hong Kong,2358
2023-04,Hong Kong,3977
2023-07,Hong Kong,4634
2023-10,Hong Kong,5112
2024-01,Hong Kong,3410
2024-04,Hong Kong,6129
2024-07,Hong Kong,2239
2019-01,Hırvatistan,3593
2019-04,Hırvatistan,8834
2019-07,Hırvatistan,1728
2020-01,Hırvatistan,1677
2020-04,Hırvatistan,156
2020-07,Hırvatistan,570
2022-01,Hırvatistan,7615
2022-04,Hırvatistan,10752
2022-07,Hırvatistan,8627
2022-10,Hırvatistan,12322
2023-01,Hırvatistan,9477
2023-04,Hırvatistan,9975
2023-07,Hırvatistan,8869
2023-10,Hırvatistan,13906
2024-01,Hırvatistan,12288
2024-04,Hırvatistan,12382
2024-07,Hırvatistan,2771
2019-01,Irak,132469
2019-04,Irak,136735
2019-07,Irak,276689
2019-10,Irak,131251
2020-01,Irak,81949
2020-04,Irak,1867
2020-07,Irak,17533
2020-10,Irak,36793
2021-01,Irak,45390
2021-04,Irak,61863
2021-07,Irak,146606
2021-10,Irak,87631
2022-01,Irak,72825
2022-04,Irak,98965
2022-07,Irak,166991
2022-10,Irak,85164
2023-01,Irak,77111
2023-04,Irak,93369
2023-07,Irak,149483
2023-10,Irak,84644
2024-01,Irak,66968
2024-04,Irak,94562
2024-07,Irak,44314
2022-01,Jamaika,164
2022-04,Jamaika,285
2022-07,Jamaika,212
2022-10,Jamaika,239
2023-01,Jamaika,191
2023-04,Jamaika,259
2023-07,Jamaika,357
2023-10,Jamaika,347
2024-01,Jamaika,310
2024-04,Jamaika,396
2024-07,Jamaika,108
2019-01,Japonya,20040
2020-01,Japonya,15460
2022-01,Japonya,2564
2022-04,Japonya,5528
2022-07,Japonya,8964
2022-10,Japonya,9934
2023-01,Japonya,11238
2023-04,Japonya,13828
2023-07,Japonya,22607
2023-10,Japonya,22413
2024-01,Japonya,23105
2024-04,Japonya,27673
2024-07,Japonya,9077
2022-01,Kamboçya,59
2022-04,Kamboçya,71
2022-07,Kamboçya,70
2022-10,Kamboçya,114
2023-01,Kamboçya,99
2023-04,Kamboçya,69
2023-07,Kamboçya,106
2023-10,Kamboçya,133
2024-01,Kamboçya,65
2024-04,Kamboçya,119
2024-07,Kamboçya,36
2022-01,Kamerun,2107
2022-04,Kamerun,2840
2022-07,Kamerun,2071
2022-10,Kamerun,2014
2023-01,Kamerun,1754
2023-04,Kamerun,1592
2023-07,Kamerun,1901
2023-10,Kamerun,1629
2024-01,Kamerun,1196
2024-04,Kamerun,1522
2024-07,Kamerun,573
2019-01,Kanada,19641
2019-04,Kanada,29624
2019-07,Kanada,37522
2019-10,Kanada,23740
2020-01,Kanada,15120
2020-04,Kanada,456
2020-07,Kanada,7933
2020-10,Kanada,7928
2021-01,Kanada,5429
2021-04,Kanada,10118
2021-07,Kanada,26665
2021-10,Kanada,23043
2022-01,Kanada,18547
2022-04,Kanada,38460
2022-07,Kanada,53530
2022-10,Kanada,36068
2023-01,Kanada,26858
2023-04,Kanada,44367
2023-07,Kanada,54075
2023-10,Kanada,43201
2024-01,Kanada,31950
2024-04,Kanada,56844
2024-07,Kanada,23530
2022-01,Karadağ,3533
2022-04,Karadağ,3945
2022-07,Karadağ,2942
2022-10,Karadağ,4730
2023-01,Karadağ,3904
2023-04,Karadağ,3480
2023-07,Karadağ,2894
2023-10,Karadağ,5301
2024-01,Karadağ,4951
2024-04,Karadağ,4553
2024-07,Karadağ,917
2019-01,Katar,11389
2019-04,Katar,7291
2019-07,Katar,36993
2019-10,Katar,22891
2020-01,Katar,10711
2020-04,Katar,199
2020-07,Katar,10255
2020-10,Katar,7441
2021-01,Katar,3500
2021-04,Katar,14181
2021-07,Katar,37204
2021-10,Katar,11190
2022-01,Katar,16000
2022-04,Katar,21924
2022-07,Katar,29038
2022-10,Katar,14888
2023-01,Katar,9958
2023-04,Katar,15745
2023-07,Katar,22181
2023-10,Katar,11641
2024-01,Katar,7077
2024-04,Katar,12918
2024-07,Katar,9122
2019-01,Kazakistan,43337
2019-04,Kazakistan,52277
2019-07,Kazakistan,57503
2019-10,Kazakistan,46914
2020-01,Kazakistan,38896
2020-04,Kazakistan,2037
2020-07,Kazakistan,24350
2020-10,Kazakistan,26344
2021-01,Kazakistan,19688
2021-04,Kazakistan,27414
2021-07,Kazakistan,40977
2021-10,Kazakistan,51011
2022-01,Kazakistan,53644
2022-04,Kazakistan,83789
2022-07,Kazakistan,93005
2022-10,Kazakistan,72431
2023-01,Kazakistan,67959
2023-04,Kazakistan,90368
2023-07,Kazakistan,113352
2023-10,Kazakistan,79363
2024-01,Kazakistan,74664
2024-04,Kazakistan,96417
2024-07,Kazakistan,36630
2022-01,Kenya,2035
2022-04,Kenya,3017
2022-07,Kenya,2743
2022-10,Kenya,2903
2023-01,Kenya,1550
2023-04,Kenya,2232
2023-07,Kenya,2797
2023-10,Kenya,2681
2024-01,Kenya,1584
2024-04,Kenya,2892
2024-07,Kenya,733
2022-01,Kiribati,3
2024-01,Kiribati (Gilbert Adaları),1
2019-04,Kolombiya,11431
2020-04,Kolombiya,14
2021-07,Kolombiya,3683
2021-10,Kolombiya,14097
2022-01,Kolombiya,9404
2022-04,Kolombiya,19203
2022-07,Kolombiya,16859
2022-10,Kolombiya,17651
2023-01,Kolombiya,9149
2023-04,Kolombiya,16622
2023-07,Kolombiya,15708
2023-10,Kolombiya,14565
2024-01,Kolombiya,9959
2024-04,Kolombiya,17566
2024-07,Kolombiya,5259
2022-01,Komorlar,382
2022-04,Komorlar,498
2022-07,Komorlar,191
2022-10,Komorlar,301
2023-01,Komorlar,162
2023-04,Komorlar,177
2023-07,Komorlar,196
2023-10,Komorlar,140
2024-01,Komorlar,124
2024-04,Komorlar,140
2024-07,Komorlar,28
2022-01,Kongo Cumhuriyeti,673
2022-04,Kongo Cumhuriyeti,1033
2022-07,Kongo Cumhuriyeti,673
2022-10,Kongo Cumhuriyeti,593
2023-01,Kongo Cumhuriyeti,453
2023-04,Kongo Cumhuriyeti,461
2023-07,Kongo Cumhuriyeti,584
2023-10,Kongo Cumhuriyeti,465
2024-01,Kongo Cumhuriyeti,314
2024-04,Kongo Cumhuriyeti,412
2024-07,Kongo Cumhuriyeti,205
2019-01,Kosova,19438
2019-04,Kosova,16401
2019-07,Kosova,13522
2019-10,Kosova,21136
2020-01,Kosova,15973
2020-04,Kosova,196
2020-07,Kosova,11893
2020-10,Kosova,19148
2021-01,Kosova,12822
2021-04,Kosova,16606
2021-07,Kosova,17560
2021-10,Kosova,29610
2022-01,Kosova,26270
2022-04,Kosova,24813
2022-07,Kosova,15212
2022-10,Kosova,23835
2023-01,Kosova,18652
2023-04,Kosova,18986
2023-07,Kosova,13775
2023-10,Kosova,26142
2024-01,Kosova,19144
2024-04,Kosova,15137
2024-07,Kosova,2943
2022-01,Kosta Rika,756
2022-04,Kosta Rika,2766
2022-07,Kosta Rika,2206
2022-10,Kosta Rika,1687
2023-01,Kosta Rika,986
2023-04,Kosta Rika,2508
2023-07,Kosta Rika,2048
2023-10,Kosta Rika,1793
2024-01,Kosta Rika,1222
2024-04,Kosta Rika,1912
2024-07,Kosta Rika,527
2019-01,Kuveyt,66277
2019-04,Kuveyt,69896
2019-07,Kuveyt,142908
2019-10,Kuveyt,58598
2020-01,Kuveyt,58894
2020-04,Kuveyt,30
2020-07,Kuveyt,25171
2020-10,Kuveyt,28719
2021-01,Kuveyt,8824
2021-04,Kuveyt,24347
2021-07,Kuveyt,102349
2021-10,Kuveyt,68720
2022-01,Kuveyt,88416
2022-04,Kuveyt,77237
2022-07,Kuveyt,161762
2022-10,Kuveyt,61511
2023-01,Kuveyt,68900
2023-04,Kuveyt,75212
2023-07,Kuveyt,114324
2023-10,Kuveyt,36280
2024-01,Kuveyt,47653
2024-04,Kuveyt,62986
2024-07,Kuveyt,28743
2022-01,Kuzey Kore,4
2022-07,Kuzey Kore,38
2022-10,Kuzey Kore,28
2023-01,Kuzey Kore,15
2023-04,Kuzey Kore,35
2023-07,Kuzey Kore,1
2023-10,Kuzey Kore,4
2024-01,Kuzey Kore,27
2024-04,Kuzey Kore,13
2019-04,Kuzey Makedonya,1967
2019-07,Kuzey Makedonya,5825
2019-10,Kuzey Makedonya,7570
2020-04,Kuzey Makedonya,107
2020-07,Kuzey Makedonya,6181
2020-10,Kuzey Makedonya,5223
2021-01,Kuzey Makedonya,2208
2022-01,Kuzey Makedonya,8565
2022-04,Kuzey Makedonya,9755
2022-07,Kuzey Makedonya,6619
2022-10,Kuzey Makedonya,9277
2023-01,Kuzey Makedonya,9522
2023-04,Kuzey Makedonya,7366
2023-07,Kuzey Makedonya,6497
2023-10,Kuzey Makedonya,10594
2024-01,Kuzey Makedonya,10262
2024-04,Kuzey Makedonya,7944
2024-07,Kuzey Makedonya,2232
2022-01,Küba,350
2022-04,Küba,716
2022-07,Küba,745
2022-10,Küba,1384
2023-01,Küba,756
2023-04,Küba,945
2023-07,Küba,1295
2023-10,Küba,1454
2024-01,Küba,956
2024-04,Küba,1180
2024-07,Küba,545
2019-01,Kırgızistan,25328
2019-04,Kırgızistan,29782
2019-07,Kırgızistan,20940
2019-10,Kırgızistan,24724
2020-01,Kırgızistan,20914
2020-04,Kırgızistan,172
2020-07,Kırgızistan,10930
2020-10,Kırgızistan,13589
2021-01,Kırgızistan,13438
2021-04,Kırgızistan,13591
2021-07,Kırgızistan,21279
2021-10,Kırgızistan,24944
2022-01,Kırgızistan,22839
2022-04,Kırgızistan,27801
2022-07,Kırgızistan,25275
2022-10,Kırgızistan,24780
2023-01,Kırgızistan,24282
2023-04,Kırgızistan,29939
2023-07,Kırgızistan,25890
2023-10,Kırgızistan,25854
2024-01,Kırgızistan,25871
2024-04,Kırgızistan,36070
2024-07,Kırgızistan,8928
2022-01,Laos,4
2022-04,Laos,21
2022-07,Laos,32
2022-10,Laos,25
2023-01,Laos,16
2023-04,Laos,15
2023-07,Laos,14
2023-10,Laos,24
2024-01,Laos,35
2024-04,Laos,71
2024-07,Laos,9
2022-01,Lesotho,17
2022-04,Lesotho,27
2022-07,Lesotho,38
2022-10,Lesotho,40
2023-01,Lesotho,15
2023-04,Lesotho,16
2023-07,Lesotho,14
2023-10,Lesotho,31
2024-01,Lesotho,8
2024-04,Lesotho,23
2024-07,Lesotho,8
2022-01,Letonya,3155
2022-04,Letonya,5333
2022-07,Letonya,4278
2022-10,Letonya,6109
2023-01,Letonya,5788
2023-04,Letonya,7637
2023-07,Letonya,6301
2023-10,Letonya,7122
2024-01,Letonya,7239
2024-04,Letonya,7966
2024-07,Letonya,1841
2022-01,Liberya,133
2022-04,Liberya,131
2022-07,Liberya,112
2022-10,Liberya,164
2023-01,Liberya,120
2023-04,Liberya,91
2023-07,Liberya,131
2023-10,Liberya,75
2024-01,Liberya,67
2024-04,Liberya,105
2024-07,Liberya,21
2019-01,Libya,59453
2019-04,Libya,52250
2019-07,Libya,78304
2019-10,Libya,64460
2020-01,Libya,42373
2020-04,Libya,796
2020-07,Libya,24335
2020-10,Libya,38789
2021-01,Libya,33561
2021-04,Libya,33776
2021-07,Libya,64284
2021-10,Libya,62970
2022-01,Libya,44450
2022-04,Libya,40934
2022-07,Libya,77525
2022-10,Libya,54169
2023-01,Libya,40031
2023-04,Libya,39992
2023-07,Libya,65616
2023-10,Libya,46100
2024-01,Libya,47964
2024-04,Libya,50097
2024-07,Libya,20756
2022-01,Lihtenştayn,146
2022-04,Lihtenştayn,210
2022-07,Lihtenştayn,300
2022-10,Lihtenştayn,184
2023-01,Lihtenştayn,141
2023-04,Lihtenştayn,237
2023-07,Lihtenştayn,298
2023-10,Lihtenştayn,266
2024-01,Lihtenştayn,163
2024-04,Lihtenştayn,236
2024-07,Lihtenştayn,169
2022-01,Litvanya,5155
2022-04,Litvanya,7478
2022-07,Litvanya,6010
2022-10,Litvanya,8102
2023-01,Litvanya,7990
2023-04,Litvanya,8353
2023-07,Litvanya,7306
2023-10,Litvanya,8894
2024-01,Litvanya,9200
2024-04,Litvanya,9429
2024-07,Litvanya,2359
2019-01,Lübnan,55531
2019-04,Lübnan,65992
2019-07,Lübnan,77754
2019-10,Lübnan,56486
2020-01,Lübnan,32940
2020-04,Lübnan,56
2020-07,Lübnan,20264
2020-10,Lübnan,28263
2021-01,Lübnan,16459
2021-04,Lübnan,24587
2021-07,Lübnan,46300
2021-10,Lübnan,59104
2022-01,Lübnan,47280
2022-04,Lübnan,49433
2022-07,Lübnan,54230
2022-10,Lübnan,48902
2023-01,Lübnan,35819
2023-04,Lübnan,39611
2023-07,Lübnan,44596
2023-10,Lübnan,44072
2024-01,Lübnan,36477
2024-04,Lübnan,52374
2024-07,Lübnan,16357
2022-01,Lüksemburg,689
2022-04,Lüksemburg,1183
2022-07,Lüksemburg,1464
2022-10,Lüksemburg,954
2023-01,Lüksemburg,959
2023-04,Lüksemburg,1441
2023-07,Lüksemburg,1463
2023-10,Lüksemburg,1320
2024-01,Lüksemburg,1187
2024-04,Lüksemburg,1604
2024-07,Lüksemburg,497
2019-04,Macaristan,3786
2020-04,Macaristan,88
2022-01,Macaristan,6835
2022-04,Macaristan,13411
2022-07,Macaristan,11889
2022-10,Macaristan,10561
2023-01,Macaristan,8724
2023-04,Macaristan,19745
2023-07,Macaristan,17683
2023-10,Macaristan,19527
2024-01,Macaristan,18818
2024-04,Macaristan,24203
2024-07,Macaristan,7389
2022-01,Madagaskar,45
2022-04,Madagaskar,107
2022-07,Madagaskar,81
2022-10,Madagaskar,82
2023-01,Madagaskar,47
2023-04,Madagaskar,77
2023-07,Madagaskar,82
2023-10,Madagaskar,87
2024-01,Madagaskar,117
2024-04,Madagaskar,90
2024-07,Madagaskar,44
2022-01,Makao,2
2022-04,Makao,7
2022-07,Makao,12
2022-10,Makao,21
2023-01,Makao,24
2023-04,Makao,51
2023-07,Makao,134
2023-10,Makao,134
2024-01,Makao,108
2024-04,Makao,175
2024-07,Makao,111
2022-01,Malavi,87
2022-04,Malavi,83
2022-07,Malavi,107
2022-10,Malavi,71
2023-01,Malavi,46
2023-04,Malavi,49
2023-07,Malavi,116
2023-10,Malavi,62
2024-01,Malavi,47
2024-04,Malavi,54
2024-07,Malavi,21
2022-01,Maldivler,902
2022-04,Maldivler,866
2022-07,Maldivler,1092
2022-10,Maldivler,1074
2023-01,Maldivler,473
2023-04,Maldivler,471
2023-07,Maldivler,672
2023-10,Maldivler,823
2024-01,Maldivler,569
2024-04,Maldivler,896
2024-07,Maldivler,196
2019-01,Malezya,25636
2019-04,Malezya,22569
2020-01,Malezya,14887
2020-04,Malezya,25
2021-10,Malezya,4178
2022-01,Malezya,13330
2022-04,Malezya,15166
2022-07,Malezya,18489
2022-10,Malezya,36971
2023-01,Malezya,27539
2023-04,Malezya,19848
2023-07,Malezya,13744
2023-10,Malezya,27019
2024-01,Malezya,23522
2024-04,Malezya,20834
2024-07,Malezya,3011
2022-01,Mali,1584
2022-04,Mali,1434
2022-07,Mali,1670
2022-10,Mali,1503
2023-01,Mali,1307
2023-04,Mali,1049
2023-07,Mali,1845
2023-10,Mali,1167
2024-01,Mali,950
2024-04,Mali,969
2024-07,Mali,486
2022-01,Malta,2126
2022-04,Malta,3204
2022-07,Malta,4342
2022-10,Malta,3373
2023-01,Malta,2505
2023-04,Malta,2568
2023-07,Malta,3134
2023-10,Malta,2795
2024-01,Malta,2829
2024-04,Malta,2432
2024-07,Malta,1273
2022-01,Mauritius,2121
2022-04,Mauritius,2559
2022-07,Mauritius,2781
2022-10,Mauritius,4678
2023-01,Mauritius,2397
2023-04,Mauritius,2126
2023-07,Mauritius,2419
2023-10,Mauritius,3382
2024-01,Mauritius,1922
2024-04,Mauritius,2527
2024-07,Mauritius,1118
2019-01,Meksika,2986
2020-01,Meksika,2389
2021-04,Meksika,2499
2021-07,Meksika,11462
2021-10,Meksika,14964
2022-01,Meksika,12404
2022-04,Meksika,19200
2022-07,Meksika,26786
2022-10,Meksika,27182
2023-01,Meksika,15843
2023-04,Meksika,30023
2023-07,Meksika,33798
2023-10,Meksika,29067
2024-01,Meksika,15934
2024-04,Meksika,25676
2024-07,Meksika,11998
2022-04,Mikronezya,1
2023-01,Mikronezya,1
2019-04,Moldova,2907
2019-07,Moldova,9479
2019-10,Moldova,7781
2020-04,Moldova,3
2020-07,Moldova,6456
2020-10,Moldova,10363
2021-01,Moldova,6791
2021-04,Moldova,6260
2021-07,Moldova,6292
2022-01,Moldova,6914
2022-04,Moldova,10975
2022-07,Moldova,10018
2022-10,Moldova,9855
2023-01,Moldova,10572
2023-04,Moldova,10361
2023-07,Moldova,11436
2023-10,Moldova,11272
2024-01,Moldova,12418
2024-04,Moldova,15271
2024-07,Moldova,6363
2022-01,Monako,13
2022-04,Monako,24
2022-07,Monako,42
2022-10,Monako,35
2023-01,Monako,17
2023-04,Monako,46
2023-07,Monako,33
2023-10,Monako,34
2024-01,Monako,35
2024-04,Monako,69
2024-07,Monako,15
2022-01,Moritanya,1565
2022-04,Moritanya,1179
2022-07,Moritanya,1904
2022-10,Moritanya,1148
2023-01,Moritanya,829
2023-04,Moritanya,890
2023-07,Moritanya,1444
2023-10,Moritanya,1001
2024-01,Moritanya,837
2024-04,Moritanya,1028
2024-07,Moritanya,375
2022-01,Mozambik,152
2022-04,Mozambik,275
2022-07,Mozambik,403
2022-10,Mozambik,353
2023-01,Mozambik,297
2023-04,Mozambik,308
2023-07,Mozambik,465
2023-10,Mozambik,294
2024-01,Mozambik,180
2024-04,Mozambik,210
2024-07,Mozambik,83
2019-04,Moğolistan,1592
2020-04,Moğolistan,4
2022-01,Moğolistan,7816
2022-04,Moğolistan,9585
2022-07,Moğolistan,9813
2022-10,Moğolistan,10076
2023-01,Moğolistan,8995
2023-04,Moğolistan,8851
2023-07,Moğolistan,7867
2023-10,Moğolistan,8806
2024-01,Moğolistan,8478
2024-04,Moğolistan,9297
2024-07,Moğolistan,2590
2022-01,Myanmar,101
2022-04,Myanmar,152
2022-07,Myanmar,175
2022-10,Myanmar,261
2023-01,Myanmar,193
2023-04,Myanmar,212
2023-07,Myanmar,309
2023-10,Myanmar,342
2024-01,Myanmar,257
2024-04,Myanmar,531
2024-07,Myanmar,108
2019-01,Mısır,34954
2019-04,Mısır,39172
2019-07,Mısır,51234
2019-10,Mısır,37998
2020-01,Mısır,26832
2020-04,Mısır,338
2020-07,Mısır,14076
2020-10,Mısır,24392
2021-01,Mısır,15875
2021-04,Mısır,17554
2021-07,Mısır,43041
2021-10,Mısır,43389
2022-01,Mısır,43642
2022-04,Mısır,43540
2022-07,Mısır,66076
2022-10,Mısır,55720
2023-01,Mısır,34260
2023-04,Mısır,39157
2023-07,Mısır,55179
2023-10,Mısır,43269
2024-01,Mısır,37895
2024-04,Mısır,52663
2024-07,Mısır,21211
2022-01,Namibya,86
2022-04,Namibya,170
2022-07,Namibya,87
2022-10,Namibya,66
2023-01,Namibya,74
2023-04,Namibya,49
2023-07,Namibya,65
2023-10,Namibya,79
2024-01,Namibya,69
2024-04,Namibya,85
2024-07,Namibya,46
2022-01,Nauru,6
2022-10,Nauru,4
2024-01,Nauru,1
2024-04,Nauru,2
2022-01,Nepal,533
2022-04,Nepal,1355
2022-07,Nepal,1435
2022-10,Nepal,1300
2023-01,Nepal,1148
2023-04,Nepal,1213
2023-07,Nepal,1613
2023-10,Nepal,1462
2024-01,Nepal,1568
2024-04,Nepal,1874
2024-07,Nepal,934
2022-01,Nijer,867
2022-04,Nijer,816
2022-07,Nijer,1346
2022-10,Nijer,999
2023-01,Nijer,715
2023-04,Nijer,700
2023-07,Nijer,704
2023-10,Nijer,559
2024-01,Nijer,395
2024-04,Nijer,583
2024-07,Nijer,257
2019-01,Nijerya,2789
2019-04,Nijerya,2770
2019-07,Nijerya,3789
2019-10,Nijerya,10872
2020-01,Nijerya,1980
2020-04,Nijerya,2
2020-07,Nijerya,1225
2020-10,Nijerya,5419
2021-01,Nijerya,4958
2021-04,Nijerya,3139
2022-01,Nijerya,10492
2022-04,Nijerya,10828
2022-07,Nijerya,7603
2022-10,Nijerya,6929
2023-01,Nijerya,5899
2023-04,Nijerya,6008
2023-07,Nijerya,6500
2023-10,Nijerya,5442
2024-01,Nijerya,5001
2024-04,Nijerya,4882
2024-07,Nijerya,1743
2022-01,Nikaragua,104
2022-04,Nikaragua,180
2022-07,Nikaragua,262
2022-10,Nikaragua,200
2023-01,Nikaragua,170
2023-04,Nikaragua,228
2023-07,Nikaragua,278
2023-10,Nikaragua,377
2024-01,Nikaragua,219
2024-04,Nikaragua,242
2024-07,Nikaragua,122
2019-04,Norveç,9327
2019-07,Norveç,9305
2020-04,Norveç,209
2020-07,Norveç,2720
2021-01,Norveç,3456
2021-04,Norveç,3450
2021-07,Norveç,9121
2021-10,Norveç,4821
2022-01,Norveç,10439
2022-04,Norveç,17888
2022-07,Norveç,19103
2022-10,Norveç,13809
2023-01,Norveç,11935
2023-04,Norveç,16039
2023-07,Norveç,19233
2023-10,Norveç,14206
2024-01,Norveç,14120
2024-04,Norveç,20733
2024-07,Norveç,10240
2022-01,Orta Afrika Cumhuriyeti,51
2022-04,Orta Afrika Cumhuriyeti,87
2022-07,Orta Afrika Cumhuriyeti,38
2022-10,Orta Afrika Cumhuriyeti,45
2023-01,Orta Afrika Cumhuriyeti,44
2023-04,Orta Afrika Cumhuriyeti,33
2023-07,Orta Afrika Cumhuriyeti,71
2023-10,Orta Afrika Cumhuriyeti,43
2024-01,Orta Afrika Cumhuriyeti,49
2024-04,Orta Afrika Cumhuriyeti,36
2024-07,Orta Afrika Cumhuriyeti,13
2019-01,Pakistan,22783
2019-04,Pakistan,14992
2019-07,Pakistan,37779
2019-10,Pakistan,30063
2020-01,Pakistan,18082
2020-04,Pakistan,20
2020-07,Pakistan,9871
2020-10,Pakistan,20729
2021-01,Pakistan,20475
2021-04,Pakistan,10414
2021-07,Pakistan,14647
2021-10,Pakistan,39213
2022-01,Pakistan,34638
2022-04,Pakistan,40585
2022-07,Pakistan,49833
2022-10,Pakistan,36229
2023-01,Pakistan,24458
2023-04,Pakistan,29654
2023-07,Pakistan,41909
2023-10,Pakistan,29297
2024-01,Pakistan,20658
2024-04,Pakistan,31434
2024-07,Pakistan,15336
2023-07,Palau,1
2024-04,Palau,1
2022-01,Panama,1421
2022-04,Panama,1474
2022-07,Panama,1567
2022-10,Panama,2186
2023-01,Panama,1891
2023-04,Panama,1661
2023-07,Panama,2138
2023-10,Panama,1676
2024-01,Panama,1420
2024-04,Panama,1794
2024-07,Panama,715
2022-01,Papua Yeni Gine,2
2022-04,Papua Yeni Gine,3
2022-07,Papua Yeni Gine,7
2022-10,Papua Yeni Gine,2
2023-01,Papua Yeni Gine,1
2023-04,Papua Yeni Gine,8
2023-07,Papua Yeni Gine,6
2023-10,Papua Yeni Gine,6
2024-01,Papua Yeni Gine,3
2024-04,Papua Yeni Gine,11
2022-01,Paraguay,202
2022-04,Paraguay,367
2022-07,Paraguay,412
2022-10,Paraguay,349
2023-01,Paraguay,185
2023-04,Paraguay,419
2023-07,Paraguay,305
2023-10,Paraguay,317
2024-01,Paraguay,352
2024-04,Paraguay,376
2024-07,Paraguay,104
2019-04,Peru,785
2020-04,Peru,4
2022-01,Peru,1406
2022-04,Peru,2737
2022-07,Peru,3437
2022-10,Peru,3210
2023-01,Peru,1964
2023-04,Peru,3450
2023-07,Peru,3665
2023-10,Peru,3651
2024-01,Peru,2718
2024-04,Peru,3458
2024-07,Peru,1166
2019-01,Polonya,13603
2019-04,Polonya,4483
2019-07,Polonya,15344
2019-10,Polonya,15727
2020-01,Polonya,10590
2020-04,Polonya,270
2020-07,Polonya,6131
2020-10,Polonya,5669
2021-01,Polonya,4694
2021-04,Polonya,6430
2021-07,Polonya,12969
2021-10,Polonya,10060
2022-01,Polonya,12811
2022-04,Polonya,21017
2022-07,Polonya,19465
2022-10,Polonya,19851
2023-01,Polonya,19020
2023-04,Polonya,25119
2023-07,Polonya,24126
2023-10,Polonya,26433
2024-01,Polonya,25958
2024-04,Polonya,32874
2024-07,Polonya,9052
2022-01,Portekiz,7070
2022-04,Portekiz,14379
2022-07,Portekiz,16434
2022-10,Portekiz,13246
2023-01,Portekiz,11233
2023-04,Portekiz,16043
2023-07,Portekiz,18280
2023-10,Portekiz,15531
2024-01,Portekiz,14377
2024-04,Portekiz,19158
2024-07,Portekiz,5995
2022-04,Porto Riko,3
2022-07,Porto Riko,15
2023-04,Porto Riko,2
2024-04,Porto Riko,1
2019-01,Romanya,30922
2019-04,Romanya,37067
2019-07,Romanya,35622
2019-10,Romanya,35617
2020-01,Romanya,25349
2020-04,Romanya,304
2020-07,Romanya,12967
2020-10,Romanya,18785
2021-01,Romanya,12702
2021-04,Romanya,17377
2021-07,Romanya,30219
2021-10,Romanya,29745
2022-01,Romanya,30331
2022-04,Romanya,47861
2022-07,Romanya,40330
2022-10,Romanya,41918
2023-01,Romanya,38341
2023-04,Romanya,51357
2023-07,Romanya,49975
2023-10,Romanya,52202
2024-01,Romanya,50069
2024-04,Romanya,60435
2024-07,Romanya,17152
2022-01,Ruanda,365
2022-04,Ruanda,393
2022-07,Ruanda,286
2022-10,Ruanda,456
2023-01,Ruanda,190
2023-04,Ruanda,333
2023-07,Ruanda,324
2023-10,Ruanda,279
2024-01,Ruanda,205
2024-04,Ruanda,273
2024-07,Ruanda,85
2019-01,Rusya,161783
2019-04,Rusya,179301
2019-07,Rusya,171246
2019-10,Rusya,209389
2020-01,Rusya,150856
2020-04,Rusya,1737
2020-07,Rusya,115146
2020-10,Rusya,153736
2021-01,Rusya,188553
2021-04,Rusya,86672
2021-07,Rusya,187737
2021-10,Rusya,284324
2022-01,Rusya,257999
2022-04,Rusya,269668
2022-07,Rusya,443824
2022-10,Rusya,523533
2023-01,Rusya,496129
2023-04,Rusya,511708
2023-07,Rusya,533578
2023-10,Rusya,448811
2024-01,Rusya,453940
2024-04,Rusya,516159
2024-07,Rusya,192018
2022-01,Saint Kitts,1221
2022-04,Saint Kitts,1751
2022-07,Saint Kitts,3301
2022-10,Saint Kitts,1841
2023-01,Saint Kitts,1381
2023-04,Saint Kitts,2233
2023-07,Saint Kitts,3560
2023-10,Saint Kitts,1900
2024-01,Saint Kitts,1595
2024-04,Saint Kitts,2665
2024-07,Saint Kitts,1180
2022-01,Saint Lucia,48
2022-04,Saint Lucia,96
2022-07,Saint Lucia,99
2022-10,Saint Lucia,92
2023-01,Saint Lucia,61
2023-04,Saint Lucia,90
2023-07,Saint Lucia,116
2023-10,Saint Lucia,80
2024-01,Saint Lucia,62
2024-04,Saint Lucia,150
2024-07,Saint Lucia,74
2022-01,Saint Vincent,11
2022-04,Saint Vincent,12
2022-07,Saint Vincent,17
2022-10,Saint Vincent,12
2023-01,Saint Vincent,10
2023-04,Saint Vincent,23
2023-07,Saint Vincent,27
2023-10,Saint Vincent,7
2024-01,Saint Vincent,10
2024-04,Saint Vincent,15
2024-07,Saint Vincent,7
2022-07,Samoa,1
2023-01,Samoa,2
2023-04,Samoa,3
2023-07,Samoa,3
2024-01,Samoa,4
2024-04,Samoa,2
2024-07,Samoa,2
2022-01,San Marino,20
2022-04,San Marino,39
2022-07,San Marino,40
2022-10,San Marino,60
2023-01,San Marino,33
2023-04,San Marino,48
2023-07,San Marino,33
2023-10,San Marino,98
2024-01,San Marino,49
2024-04,San Marino,53
2024-07,San Marino,33
2022-01,Sao Tome,4
2022-04,Sao Tome,7
2022-10,Sao Tome,1
2023-01,Sao Tome,6
2023-04,Sao Tome,3
2023-07,Sao Tome,7
2023-10,Sao Tome,6
2024-01,Sao Tome,3
2024-04,Sao Tome,4
2024-07,Sao Tome,1
2019-04,Senegal,1015
2020-04,Senegal,6
2022-01,Senegal,3582
2022-04,Senegal,3990
2022-07,Senegal,4178
2022-10,Senegal,4167
2023-01,Senegal,3650
2023-04,Senegal,3291
2023-07,Senegal,3768
2023-10,Senegal,3415
2024-01,Senegal,3044
2024-04,Senegal,2824
2024-07,Senegal,1207
2022-01,Seyşeller,89
2022-04,Seyşeller,259
2022-07,Seyşeller,521
2022-10,Seyşeller,267
2023-01,Seyşeller,161
2023-04,Seyşeller,104
2023-07,Seyşeller,212
2023-10,Seyşeller,234
2024-01,Seyşeller,161
2024-04,Seyşeller,223
2024-07,Seyşeller,93
2022-01,Sierra Leone,1465
2022-04,Sierra Leone,1410
2022-07,Sierra Leone,1537
2022-10,Sierra Leone,1340
2023-01,Sierra Leone,871
2023-04,Sierra Leone,1027
2023-07,Sierra Leone,1262
2023-10,Sierra Leone,765
2024-01,Sierra Leone,481
2024-04,Sierra Leone,614
2024-07,Sierra Leone,170
2019-04,Singapur,4980
2020-04,Singapur,11
2022-01,Singapur,2383
2022-04,Singapur,6051
2022-07,Singapur,5057
2022-10,Singapur,15685
2023-01,Singapur,6357
2023-04,Singapur,8299
2023-07,Singapur,6290
2023-10,Singapur,15285
2024-01,Singapur,5475
2024-04,Singapur,9719
2024-07,Singapur,1662
2022-01,Slovakya,2871
2022-04,Slovakya,4993
2022-07,Slovakya,4847
2022-10,Slovakya,5193
2023-01,Slovakya,4300
2023-04,Slovakya,6928
2023-07,Slovakya,5354
2023-10,Slovakya,7115
2024-01,Slovakya,7185
2024-04,Slovakya,7858
2024-07,Slovakya,1975
2022-01,Slovenya,4526
2022-04,Slovenya,8252
2022-07,Slovenya,6373
2022-10,Slovenya,8508
2023-01,Slovenya,7079
2023-04,Slovenya,7962
2023-07,Slovenya,6305
2023-10,Slovenya,9372
2024-01,Slovenya,8309
2024-04,Slovenya,8575
2024-07,Slovenya,2344
2022-10,Solomon Adaları,1
2023-01,Solomon Adaları,1
2023-07,Solomon Adaları,1
2024-04,Solomon Adaları,2
2024-07,Solomon Adaları,2
2019-04,Somali,1517
2019-07,Somali,4148
2019-10,Somali,6766
2020-04,Somali,119
2020-07,Somali,2944
2020-10,Somali,7752
2021-01,Somali,7222
2021-04,Somali,5599
2022-01,Somali,4218
2022-04,Somali,3571
2022-07,Somali,3520
2022-10,Somali,2455
2023-01,Somali,1912
2023-04,Somali,2146
2023-07,Somali,2556
2023-10,Somali,1721
2024-01,Somali,1386
2024-04,Somali,1774
2024-07,Somali,635
2022-01,Sri Lanka,668
2022-04,Sri Lanka,1068
2022-07,Sri Lanka,1634
2022-10,Sri Lanka,1291
2023-01,Sri Lanka,944
2023-04,Sri Lanka,1558
2023-07,Sri Lanka,2248
2023-10,Sri Lanka,1692
2024-01,Sri Lanka,1340
2024-04,Sri Lanka,2465
2024-07,Sri Lanka,963
2019-07,Sudan,3873
2019-10,Sudan,4446
2020-07,Sudan,2555
2020-10,Sudan,4213
2021-01,Sudan,2718
2021-04,Sudan,1300
2021-07,Sudan,3340
2022-01,Sudan,7373
2022-04,Sudan,10447
2022-07,Sudan,15495
2022-10,Sudan,8410
2023-01,Sudan,6125
2023-04,Sudan,4553
2023-07,Sudan,4896
2023-10,Sudan,2976
2024-01,Sudan,2958
2024-04,Sudan,2941
2024-07,Sudan,1415
2022-01,Surinam,50
2022-04,Surinam,58
2022-07,Surinam,109
2022-10,Surinam,68
2023-01,Surinam,31
2023-04,Surinam,74
2023-07,Surinam,101
2023-10,Surinam,92
2024-01,Surinam,52
2024-04,Surinam,74
2024-07,Surinam,34
2019-01,Suriye,36138
2019-04,Suriye,44855
2019-07,Suriye,58583
2019-10,Suriye,42145
2020-01,Suriye,32975
2020-04,Suriye,742
2020-07,Suriye,14195
2020-10,Suriye,22181
2021-01,Suriye,19807
2021-04,Suriye,23209
2021-07,Suriye,37183
2021-10,Suriye,30744
2022-01,Suriye,29591
2022-04,Suriye,35409
2022-07,Suriye,44667
2022-10,Suriye,29309
2023-01,Suriye,25577
2023-04,Suriye,32035
2023-07,Suriye,35841
2023-10,Suriye,22342
2024-01,Suriye,21898
2024-04,Suriye,26330
2024-07,Suriye,11672
2019-01,Suudi Arabistan,70323
2019-04,Suudi Arabistan,125212
2019-07,Suudi Arabistan,189478
2019-10,Suudi Arabistan,59878
2020-01,Suudi Arabistan,60433
2020-04,Suudi Arabistan,16
2020-07,Suudi Arabistan,1022
2020-10,Suudi Arabistan,1302
2021-01,Suudi Arabistan,840
2021-04,Suudi Arabistan,1830
2021-07,Suudi Arabistan,3134
2021-10,Suudi Arabistan,2373
2022-01,Suudi Arabistan,2993
2022-04,Suudi Arabistan,13668
2022-07,Suudi Arabistan,228533
2022-10,Suudi Arabistan,145159
2023-01,Suudi Arabistan,77275
2023-04,Suudi Arabistan,160427
2023-07,Suudi Arabistan,251663
2023-10,Suudi Arabistan,115144
2024-01,Suudi Arabistan,92495
2024-04,Suudi Arabistan,184578
2024-07,Suudi Arabistan,108983
2019-01,Sırbistan,14461
2019-04,Sırbistan,3564
2019-07,Sırbistan,11348
2019-10,Sırbistan,15025
2020-01,Sırbistan,11155
2020-04,Sırbistan,292
2020-07,Sırbistan,7765
2020-10,Sırbistan,8731
2021-01,Sırbistan,5488
2021-04,Sırbistan,7923
2021-07,Sırbistan,7788
2021-10,Sırbistan,15492
2022-01,Sırbistan,15382
2022-04,Sırbistan,20176
2022-07,Sırbistan,12393
2022-10,Sırbistan,15290
2023-01,Sırbistan,14061
2023-04,Sırbistan,15471
2023-07,Sırbistan,11723
2023-10,Sırbistan,16910
2024-01,Sırbistan,16696
2024-04,Sırbistan,16363
2024-07,Sırbistan,3912
2019-01,Tacikistan,7443
2019-04,Tacikistan,2439
2020-01,Tacikistan,6059
2020-04,Tacikistan,9
2021-01,Tacikistan,8183
2021-04,Tacikistan,6369
2021-07,Tacikistan,11149
2021-10,Tacikistan,7822
2022-01,Tacikistan,21226
2022-04,Tacikistan,11668
2022-07,Tacikistan,16668
2022-10,Tacikistan,17463
2023-01,Tacikistan,17708
2023-04,Tacikistan,15802
2023-07,Tacikistan,17938
2023-10,Tacikistan,17414
2024-01,Tacikistan,15285
2024-04,Tacikistan,4086
2024-07,Tacikistan,1357
2022-01,Tanzanya,1598
2022-04,Tanzanya,1627
2022-07,Tanzanya,1808
2022-10,Tanzanya,2201
2023-01,Tanzanya,1235
2023-04,Tanzanya,1291
2023-07,Tanzanya,1585
2023-10,Tanzanya,1406
2024-01,Tanzanya,965
2024-04,Tanzanya,1085
2024-07,Tanzanya,371
2022-01,Tayland,2407
2022-04,Tayland,6719
2022-07,Tayland,6413
2022-10,Tayland,10793
2023-01,Tayland,7570
2023-04,Tayland,9420
2023-07,Tayland,6851
2023-10,Tayland,10387
2024-01,Tayland,7281
2024-04,Tayland,13247
2024-07,Tayland,3114
2019-01,Tayvan,25948
2019-04,Tayvan,10888
2020-01,Tayvan,12154
2020-04,Tayvan,3
2022-01,Tayvan,707
2022-04,Tayvan,1439
2022-07,Tayvan,2816
2022-10,Tayvan,5391
2023-01,Tayvan,8793
2023-04,Tayvan,10172
2023-07,Tayvan,13308
2023-10,Tayvan,13648
2024-01,Tayvan,14386
2024-04,Tayvan,17765
2024-07,Tayvan,5940
2022-01,Togo,333
2022-04,Togo,322
2022-07,Togo,352
2022-10,Togo,302
2023-01,Togo,224
2023-04,Togo,246
2023-07,Togo,342
2023-10,Togo,199
2024-01,Togo,127
2024-04,Togo,108
2024-07,Togo,75
2022-04,Tonga,2
2022-10,Tonga,1
2023-04,Tonga,1
2023-07,Tonga,4
2023-10,Tonga,5
2024-01,Tonga,2
2024-04,Tonga,2
2022-01,Trinidad ve Tobago,121
2022-04,Trinidad ve Tobago,188
2022-07,Trinidad ve Tobago,298
2022-10,Trinidad ve Tobago,353
2023-01,Trinidad ve Tobago,231
2023-04,Trinidad ve Tobago,327
2023-07,Trinidad ve Tobago,409
2023-10,Trinidad ve Tobago,364
2024-01,Trinidad ve Tobago,286
2024-04,Trinidad ve Tobago,378
2024-07,Trinidad ve Tobago,159
2019-01,Tunus,39692
2019-04,Tunus,34409
2019-07,Tunus,47069
2019-10,Tunus,45907
2020-01,Tunus,34325
2020-04,Tunus,49
2020-07,Tunus,7768
2020-10,Tunus,14636
2021-01,Tunus,17115
2021-04,Tunus,16515
2021-07,Tunus,34519
2021-10,Tunus,51044
2022-01,Tunus,47984
2022-04,Tunus,41883
2022-07,Tunus,52234
2022-10,Tunus,49579
2023-01,Tunus,36111
2023-04,Tunus,35649
2023-07,Tunus,51525
2023-10,Tunus,43394
2024-01,Tunus,37619
2024-04,Tunus,40770
2024-07,Tunus,17610
2022-04,Tuvalu,2
2022-07,Tuvalu,1
2022-10,Tuvalu,1
2023-01,Tuvalu,1
2023-04,Tuvalu,2
2023-07,Tuvalu,1
2024-01,Tuvalu,1
2024-04,Tuvalu,5
2024-07,Tuvalu,1
2019-01,Türkmenistan,40253
2019-04,Türkmenistan,46702
2019-07,Türkmenistan,62400
2020-01,Türkmenistan,33180
2020-04,Türkmenistan,104
2020-07,Türkmenistan,2044
2022-01,Türkmenistan,5267
2022-04,Türkmenistan,5748
2022-07,Türkmenistan,11088
2022-10,Türkmenistan,14119
2023-01,Türkmenistan,17290
2023-04,Türkmenistan,24428
2023-07,Türkmenistan,38457
2023-10,Türkmenistan,30161
2024-01,Türkmenistan,29342
2024-04,Türkmenistan,33970
2024-07,Türkmenistan,15020
2022-01,Uganda,1765
2022-04,Uganda,1742
2022-07,Uganda,1671
2022-10,Uganda,1943
2023-01,Uganda,1616
2023-04,Uganda,1767
2023-07,Uganda,1905
2023-10,Uganda,1731
2024-01,Uganda,1469
2024-04,Uganda,1781
2024-07,Uganda,586
2019-01,Ukrayna,83269
2019-04,Ukrayna,87906
2019-07,Ukrayna,79370
2019-10,Ukrayna,81231
2020-01,Ukrayna,59523
2020-04,Ukrayna,1852
2020-07,Ukrayna,68275
2020-10,Ukrayna,70257
2021-01,Ukrayna,72659
2021-04,Ukrayna,96454
2021-07,Ukrayna,84590
2021-10,Ukrayna,87118
2022-01,Ukrayna,74333
2022-04,Ukrayna,45816
2022-07,Ukrayna,42678
2022-10,Ukrayna,45804
2023-01,Ukrayna,48332
2023-04,Ukrayna,48918
2023-07,Ukrayna,49179
2023-10,Ukrayna,50186
2024-01,Ukrayna,52929
2024-04,Ukrayna,55397
2024-07,Ukrayna,18710
2019-01,Umman,5436
2020-01,Umman,5536
2021-01,Umman,1366
2021-04,Umman,3392
2021-07,Umman,20076
2021-10,Umman,17206
2022-01,Umman,15180
2022-04,Umman,18645
2022-07,Umman,26766
2022-10,Umman,10620
2023-01,Umman,10576
2023-04,Umman,13474
2023-07,Umman,16484
2023-10,Umman,6902
2024-01,Umman,10360
2024-04,Umman,12836
2024-07,Umman,5801
2022-01,Uruguay,681
2022-04,Uruguay,1624
2022-07,Uruguay,1736
2022-10,Uruguay,1293
2023-01,Uruguay,696
2023-04,Uruguay,2370
2023-07,Uruguay,1859
2023-10,Uruguay,1003
2024-01,Uruguay,853
2024-04,Uruguay,1576
2024-07,Uruguay,703
2022-01,Vanuatu,57
2022-04,Vanuatu,110
2022-07,Vanuatu,87
2022-10,Vanuatu,85
2023-01,Vanuatu,70
2023-04,Vanuatu,103
2023-07,Vanuatu,89
2023-10,Vanuatu,72
2024-01,Vanuatu,89
2024-04,Vanuatu,80
2024-07,Vanuatu,26
2022-01,Vatikan,3
2022-04,Vatikan,7
2022-07,Vatikan,5
2022-10,Vatikan,8
2023-01,Vatikan,6
2023-04,Vatikan,3
2023-07,Vatikan,10
2023-10,Vatikan,7
2024-01,Vatikan,4
2024-04,Vatikan,12
2024-07,Vatikan,1
2022-01,Venezuela,3724
2022-04,Venezuela,4119
2022-07,Venezuela,4855
2022-10,Venezuela,4174
2023-01,Venezuela,3281
2023-04,Venezuela,4731
2023-07,Venezuela,6868
2023-10,Venezuela,5704
2024-01,Venezuela,5403
2024-04,Venezuela,6077
2024-07,Venezuela,2318
2022-01,Vietnam,461
2022-04,Vietnam,1070
2022-07,Vietnam,1012
2022-10,Vietnam,1032
2023-01,Vietnam,660
2023-04,Vietnam,1018
2023-07,Vietnam,1164
2023-10,Vietnam,1374
2024-01,Vietnam,961
2024-04,Vietnam,2260
2024-07,Vietnam,688
2021-01,Yemen,1980
2022-01,Yemen,5601
2022-04,Yemen,6838
2022-07,Yemen,11786
2022-10,Yemen,7863
2023-01,Yemen,6110
2023-04,Yemen,8854
2023-07,Yemen,10935
2023-10,Yemen,6545
2024-01,Yemen,5605
2024-04,Yemen,7783
2024-07,Yemen,3015
2022-01,Yeni Zelanda,940
2022-04,Yeni Zelanda,2604
2022-07,Yeni Zelanda,4380
2022-10,Yeni Zelanda,2895
2023-01,Yeni Zelanda,2096
2023-04,Yeni Zelanda,6146
2023-07,Yeni Zelanda,8616
2023-10,Yeni Zelanda,4303
2024-01,Yeni Zelanda,2539
2024-04,Yeni Zelanda,7135
2024-07,Yeni Zelanda,2952
2023-10,Yeşil Burun Adaları,81
2024-01,Yeşil Burun Adaları,56
2024-04,Yeşil Burun Adaları,68
2024-07,Yeşil Burun Adaları,17
2019-01,Yunanistan,28183
2019-04,Yunanistan,27433
2019-07,Yunanistan,5986
2020-01,Yunanistan,21170
2020-04,Yunanistan,247
2020-07,Yunanistan,618
2021-04,Yunanistan,4672
2021-07,Yunanistan,8054
2021-10,Yunanistan,17913
2022-01,Yunanistan,17165
2022-04,Yunanistan,23133
2022-07,Yunanistan,17527
2022-10,Yunanistan,25284
2023-01,Yunanistan,23427
2023-04,Yunanistan,22984
2023-07,Yunanistan,20158
2023-10,Yunanistan,35447
2024-01,Yunanistan,37854
2024-04,Yunanistan,28996
2024-07,Yunanistan,6222
2022-01,Zambiya,274
2022-04,Zambiya,284
2022-07,Zambiya,340
2022-10,Zambiya,342
2023-01,Zambiya,176
2023-04,Zambiya,202
2023-07,Zambiya,338
2023-10,Zambiya,197
2024-01,Zambiya,156
2024-04,Zambiya,193
2024-07,Zambiya,67
2022-01,Zimbabve,621
2022-04,Zimbabve,878
2022-07,Zimbabve,813
2022-10,Zimbabve,722
2023-01,Zimbabve,552
2023-04,Zimbabve,595
2023-07,Zimbabve,673
2023-10,Zimbabve,562
2024-01,Zimbabve,445
2024-04,Zimbabve,524
2024-07,Zimbabve,179
2022-01,Çad,1659
2022-04,Çad,1458
2022-07,Çad,2098
2022-10,Çad,1569
2023-01,Çad,1326
2023-04,Çad,1005
2023-07,Çad,1667
2023-10,Çad,1409
2024-01,Çad,1037
2024-04,Çad,873
2024-07,Çad,381
2021-01,Çekya,881
2022-01,Çekya,6569
2022-04,Çekya,10151
2022-07,Çekya,9295
2022-10,Çekya,10562
2023-01,Çekya,8970
2023-04,Çekya,10732
2023-07,Çekya,9879
2023-10,Çekya,12382
2024-01,Çekya,11975
2024-04,Çekya,11137
2024-07,Çekya,3144
2019-01,Çin,50211
2019-04,Çin,106771
2019-07,Çin,115786
2019-10,Çin,77569
2020-01,Çin,25667
2020-04,Çin,108
2020-07,Çin,3530
2020-10,Çin,5133
2021-01,Çin,6498
2021-04,Çin,4002
2021-10,Çin,6997
2022-01,Çin,8820
2022-04,Çin,18899
2022-07,Çin,21218
2022-10,Çin,23124
2023-01,Çin,28685
2023-04,Çin,50505
2023-07,Çin,72295
2023-10,Çin,69715
2024-01,Çin,72470
2024-04,Çin,99641
2024-07,Çin,38950
2019-01,Özbekistan,47827
2019-04,Özbekistan,57498
2019-07,Özbekistan,68903
2019-10,Özbekistan,56503
2020-01,Özbekistan,45644
2020-04,Özbekistan,305
2020-07,Özbekistan,12161
2020-10,Özbekistan,34110
2021-01,Özbekistan,38938
2021-04,Özbekistan,41924
2021-07,Özbekistan,81301
2021-10,Özbekistan,75260
2022-01,Özbekistan,73622
2022-04,Özbekistan,91024
2022-07,Özbekistan,108812
2022-10,Özbekistan,88223
2023-01,Özbekistan,80629
2023-04,Özbekistan,97521
2023-07,Özbekistan,119197
2023-10,Özbekistan,92412
2024-01,Özbekistan,87973
2024-04,Özbekistan,115862
2024-07,Özbekistan,51292
2019-01,Ürdün,48921
2019-04,Ürdün,76429
2019-07,Ürdün,137182
2019-10,Ürdün,62979
2020-01,Ürdün,38493
2020-04,Ürdün,395
2020-07,Ürdün,12321
2020-10,Ürdün,26417
2021-01,Ürdün,19624
2021-04,Ürdün,32824
2021-07,Ürdün,102221
2021-10,Ürdün,64420
2022-01,Ürdün,48792
2022-04,Ürdün,75984
2022-07,Ürdün,135415
2022-10,Ürdün,64514
2023-01,Ürdün,42169
2023-04,Ürdün,62872
2023-07,Ürdün,96343
2023-10,Ürdün,36698
2024-01,Ürdün,33840
2024-04,Ürdün,61042
2024-07,Ürdün,29709
2019-01,İran,208923
2019-04,İran,207139
2019-07,İran,269499
2019-10,İran,235577
2020-01,İran,135830
2020-04,İran,1036
2020-07,İran,26137
2020-10,İran,70118
2021-01,İran,118931
2021-04,İran,112481
2021-07,İran,269319
2021-10,İran,281273
2022-01,İran,253521
2022-04,İran,286037
2022-07,İran,305465
2022-10,İran,252970
2023-01,İran,220036
2023-04,İran,239576
2023-07,İran,310499
2023-10,İran,283527
2024-01,İran,264137
2024-04,İran,261198
2024-07,İran,101146
2019-04,İrlanda,3394
2019-07,İrlanda,7222
2020-04,İrlanda,162
2020-07,İrlanda,1963
2022-01,İrlanda,9202
2022-04,İrlanda,12320
2022-07,İrlanda,14360
2022-10,İrlanda,10667
2023-01,İrlanda,9548
2023-04,İrlanda,13051
2023-07,İrlanda,15259
2023-10,İrlanda,10886
2024-01,İrlanda,10259
2024-04,İrlanda,13245
2024-07,İrlanda,4696
2019-01,İspanya,36435
2019-04,İspanya,51583
2019-07,İspanya,65585
2019-10,İspanya,57130
2020-01,İspanya,30497
2020-04,İspanya,184
2020-07,İspanya,9397
2020-10,İspanya,10333
2021-01,İspanya,8738
2021-04,İspanya,11826
2021-07,İspanya,30884
2021-10,İspanya,42593
2022-01,İspanya,32692
2022-04,İspanya,55766
2022-07,İspanya,82972
2022-10,İspanya,69226
2023-01,İspanya,42360
2023-04,İspanya,61634
2023-07,İspanya,77792
2023-10,İspanya,70205
2024-01,İspanya,58170
2024-04,İspanya,66459
2024-07,İspanya,29719
2019-01,İsrail,56636
2019-04,İsrail,75974
2019-07,İsrail,90221
2019-10,İsrail,84896
2020-01,İsrail,52487
2020-04,İsrail,327
2020-07,İsrail,21838
2020-10,İsrail,32506
2021-01,İsrail,10850
2021-04,İsrail,27509
2021-07,İsrail,39757
2021-10,İsrail,93826
2022-01,İsrail,86729
2022-04,İsrail,110466
2022-07,İsrail,128372
2022-10,İsrail,147996
2023-01,İsrail,103639
2023-04,İsrail,121634
2023-07,İsrail,133560
2023-10,İsrail,19671
2024-01,İsrail,9967
2024-04,İsrail,13393
2024-07,İsrail,5384
2019-01,İsveç,31346
2019-04,İsveç,50741
2019-07,İsveç,50601
2019-10,İsveç,37865
2020-01,İsveç,23541
2020-04,İsveç,1364
2020-07,İsveç,21038
2020-10,İsveç,20436
2021-01,İsveç,12028
2021-04,İsveç,22837
2021-07,İsveç,44047
2021-10,İsveç,37810
2022-01,İsveç,32015
2022-04,İsveç,47327
2022-07,İsveç,47879
2022-10,İsveç,33400
2023-01,İsveç,28732
2023-04,İsveç,39532
2023-07,İsveç,44604
2023-10,İsveç,34881
2024-01,İsveç,33807
2024-04,İsveç,44768
2024-07,İsveç,19006
2019-01,İsviçre,23608
2019-04,İsviçre,26055
2019-07,İsviçre,40191
2019-10,İsviçre,34558
2020-01,İsviçre,19315
2020-04,İsviçre,1190
2020-07,İsviçre,18804
2020-10,İsviçre,18909
2021-01,İsviçre,11662
2021-04,İsviçre,13742
2021-07,İsviçre,37530
2021-10,İsviçre,33614
2022-01,İsviçre,26826
2022-04,İsviçre,42677
2022-07,İsviçre,45051
2022-10,İsviçre,37943
2023-01,İsviçre,26536
2023-04,İsviçre,39457
2023-07,İsviçre,47349
2023-10,İsviçre,39617
2024-01,İsviçre,32906
2024-04,İsviçre,46694
2024-07,İsviçre,20626
2019-01,İtalya,55030
2019-04,İtalya,71215
2019-07,İtalya,86123
2019-10,İtalya,72051
2020-01,İtalya,35846
2020-04,İtalya,413
2020-07,İtalya,12929
2020-10,İtalya,12974
2021-01,İtalya,13418
2021-04,İtalya,14793
2021-07,İtalya,29769
2021-10,İtalya,37305
2022-01,İtalya,33669
2022-04,İtalya,68176
2022-07,İtalya,104287
2022-10,İtalya,96086
2023-01,İtalya,66221
2023-04,İtalya,116423
2023-07,İtalya,124324
2023-10,İtalya,124630
2024-01,İtalya,87769
2024-04,İtalya,116766
2024-07,İtalya,42517
2022-01,İzlanda,229
2022-04,İzlanda,482
2022-07,İzlanda,531
2022-10,İzlanda,361
2023-01,İzlanda,334
2023-04,İzlanda,493
2023-07,İzlanda,511
2023-10,İzlanda,496
2024-01,İzlanda,440
2024-04,İzlanda,570
2024-07,İzlanda,298
2019-04,Şili,2151
2020-04,Şili,4
2022-01,Şili,1963
2022-04,Şili,3621
2022-07,Şili,4068
2022-10,Şili,3598
2023-01,Şili,3195
2023-04,Şili,5664
2023-07,Şili,5452
2023-10,Şili,4374
2024-01,Şili,3108
2024-04,Şili,5679
2024-07,Şili,1384
